,Id,SepalLengthCm,SepalWidthCm,PetalLengthCm,PetalWidthCm
count,150.0,150.0,150.0,150.0,150.0
mean,75.5,5.843333333333334,3.0540000000000003,3.758666666666666,1.1986666666666668
std,43.445367992456916,0.828066127977863,0.4335943113621737,1.7644204199522626,0.7631607417008411
min,1.0,4.3,2.0,1.0,0.1
25%,38.25,5.1,2.8,1.6,0.3
50%,75.5,5.8,3.0,4.35,1.3
75%,112.75,6.4,3.3,5.1,1.8
max,150.0,7.9,4.4,6.9,2.5
